-- ============================================================
-- seed.sql
-- 초기 시드 데이터: 관리자, 설정, 시즌, 객실, 요금, 공지사항
-- ============================================================

-- ============================================================
-- 1. 관리자 계정 (admin / admin1234)
-- ============================================================
INSERT INTO admin_users (username, password_hash) VALUES
('admin', '$2b$10$c1dU/wGY0il0TAeXYXxT/ueABiPFiKT8yhqdaywaECk82PPXdnXKC');

-- ============================================================
-- 2. 기본 설정
-- ============================================================
INSERT INTO settings (key, value) VALUES
('pension_info', '{
  "name": "행복한 펜션",
  "address": "강원도 양양군 현북면 하조대길 123",
  "phone": "033-123-4567",
  "description": "아름다운 자연 속 편안한 휴식, 행복한 펜션에 오신 것을 환영합니다.",
  "main_image": "",
  "latitude": 38.0764,
  "longitude": 128.6169
}'::jsonb),
('bank_account', '{
  "bank_name": "농협은행",
  "account_number": "301-0000-0000-00",
  "account_holder": "홍길동"
}'::jsonb),
('reservation_policy', '{
  "min_nights": 1,
  "max_advance_days": 90,
  "refund_policy": "체크인 7일 전: 100% 환불\n체크인 5일 전: 70% 환불\n체크인 3일 전: 50% 환불\n체크인 1일 전: 30% 환불\n당일 및 노쇼: 환불 불가",
  "check_in_time": "15:00",
  "check_out_time": "11:00"
}'::jsonb);

-- ============================================================
-- 3. 시즌 데이터
-- ============================================================
INSERT INTO seasons (id, name, start_date, end_date, min_nights) VALUES
('a0000000-0000-0000-0000-000000000001', '비수기', '2026-01-01', '2026-06-30', 1),
('a0000000-0000-0000-0000-000000000002', '성수기', '2026-07-01', '2026-08-31', 2),
('a0000000-0000-0000-0000-000000000003', '준성수기', '2026-09-01', '2026-10-31', 1),
('a0000000-0000-0000-0000-000000000004', '비수기', '2026-11-01', '2026-12-31', 1);

-- ============================================================
-- 4. 객실 데이터
-- ============================================================
INSERT INTO rooms (id, name, description, type, base_capacity, max_capacity, size, amenities, images, sort_order) VALUES
('b0000000-0000-0000-0000-000000000001',
 'A동 - 로즈',
 '넓은 거실과 테라스가 있는 독채형 객실입니다. 바베큐장이 바로 앞에 있어 편리합니다.',
 '독채', 4, 6, '49.5㎡ (15평)',
 '["에어컨", "TV", "와이파이", "바베큐", "주차", "욕조", "냉장고", "전자레인지"]'::jsonb,
 '[{"url": "/images/rooms/room-a-1.jpg", "alt": "A동 로즈 거실", "is_primary": true, "sort_order": 1}]'::jsonb,
 1),
('b0000000-0000-0000-0000-000000000002',
 'B동 - 라벤더',
 '아늑한 커플/소가족을 위한 객실입니다. 조용한 위치에서 프라이빗한 시간을 보내세요.',
 '커플룸', 2, 3, '26.4㎡ (8평)',
 '["에어컨", "TV", "와이파이", "주차", "냉장고"]'::jsonb,
 '[{"url": "/images/rooms/room-b-1.jpg", "alt": "B동 라벤더 내부", "is_primary": true, "sort_order": 1}]'::jsonb,
 2),
('b0000000-0000-0000-0000-000000000003',
 'C동 - 선셋',
 '탁 트인 전망과 넓은 공간이 매력적인 특별 객실입니다. 대가족이나 단체에 추천합니다.',
 '특실', 6, 10, '66㎡ (20평)',
 '["에어컨", "TV", "와이파이", "바베큐", "주차", "욕조", "냉장고", "전자레인지", "세탁기"]'::jsonb,
 '[{"url": "/images/rooms/room-c-1.jpg", "alt": "C동 선셋 전경", "is_primary": true, "sort_order": 1}]'::jsonb,
 3);

-- ============================================================
-- 5. 객실별 시즌별 요금 데이터
-- ============================================================

-- A동 로즈 (독채, 기준4명)
INSERT INTO room_prices (room_id, season_id, weekday_price, weekend_price, extra_person_price) VALUES
('b0000000-0000-0000-0000-000000000001', 'a0000000-0000-0000-0000-000000000001', 150000, 200000, 20000),  -- 비수기(상반기)
('b0000000-0000-0000-0000-000000000001', 'a0000000-0000-0000-0000-000000000002', 250000, 300000, 30000),  -- 성수기
('b0000000-0000-0000-0000-000000000001', 'a0000000-0000-0000-0000-000000000003', 180000, 230000, 20000),  -- 준성수기
('b0000000-0000-0000-0000-000000000001', 'a0000000-0000-0000-0000-000000000004', 150000, 200000, 20000);  -- 비수기(하반기)

-- B동 라벤더 (커플룸, 기준2명)
INSERT INTO room_prices (room_id, season_id, weekday_price, weekend_price, extra_person_price) VALUES
('b0000000-0000-0000-0000-000000000002', 'a0000000-0000-0000-0000-000000000001', 80000, 120000, 20000),   -- 비수기(상반기)
('b0000000-0000-0000-0000-000000000002', 'a0000000-0000-0000-0000-000000000002', 150000, 200000, 30000),  -- 성수기
('b0000000-0000-0000-0000-000000000002', 'a0000000-0000-0000-0000-000000000003', 100000, 150000, 20000),  -- 준성수기
('b0000000-0000-0000-0000-000000000002', 'a0000000-0000-0000-0000-000000000004', 80000, 120000, 20000);   -- 비수기(하반기)

-- C동 선셋 (특실, 기준6명)
INSERT INTO room_prices (room_id, season_id, weekday_price, weekend_price, extra_person_price) VALUES
('b0000000-0000-0000-0000-000000000003', 'a0000000-0000-0000-0000-000000000001', 250000, 320000, 20000),  -- 비수기(상반기)
('b0000000-0000-0000-0000-000000000003', 'a0000000-0000-0000-0000-000000000002', 400000, 500000, 30000),  -- 성수기
('b0000000-0000-0000-0000-000000000003', 'a0000000-0000-0000-0000-000000000003', 300000, 380000, 20000),  -- 준성수기
('b0000000-0000-0000-0000-000000000003', 'a0000000-0000-0000-0000-000000000004', 250000, 320000, 20000);  -- 비수기(하반기)

-- ============================================================
-- 6. 공지사항 데이터
-- ============================================================
INSERT INTO notices (title, content, is_pinned) VALUES
('2026년 성수기 예약 안내',
 '안녕하세요, 행복한 펜션입니다.

2026년 성수기(7월~8월) 예약이 시작되었습니다.
성수기에는 최소 2박 이상 예약 가능합니다.

많은 관심 부탁드립니다.',
 true),
('바베큐장 이용 안내',
 '바베큐장은 A동, C동 투숙객에 한해 무료로 이용 가능합니다.

이용시간: 17:00 ~ 22:00
숯과 그릴은 제공되며, 식재료는 직접 준비해주세요.',
 false);
